trade_id,trade_date,pair,side,notional_base,entry_price
FX001,2026-09-03,USDJPY,LONG,2000000,158.923004
FX002,2026-09-10,USDJPY,SHORT,750000,159.4125
FX003,2026-09-17,USDJPY,LONG,1250000,159.0875
FX004,2026-09-04,USDSGD,SHORT,2000000,1.2668
FX005,2026-09-11,USDSGD,LONG,750000,1.2639
FX006,2026-09-18,USDSGD,SHORT,1250000,1.26545
FX007,2026-09-07,USDKRW,LONG,1500000,1345.5
FX008,2026-09-14,USDKRW,SHORT,500000,1352.25
FX009,2026-09-21,USDKRW,LONG,1000000,1348.170044
FX010,2026-09-08,USDINR,SHORT,1500000,95.62
FX011,2026-09-15,USDINR,LONG,500000,95.91
FX012,2026-09-22,USDINR,SHORT,1000000,95.835403
FX013,2026-09-09,USDIDR,LONG,1250000,17680.0
FX014,2026-09-16,USDIDR,SHORT,500000,17820.0
FX015,2026-09-23,USDIDR,LONG,750000,17757.0
FX016,2026-09-10,USDTWD,SHORT,1750000,31.58
FX017,2026-09-17,USDTWD,LONG,750000,31.72
FX018,2026-09-24,USDTWD,SHORT,1250000,31.679501
FX019,2026-09-11,AUDUSD,LONG,1500000,0.6985
FX020,2026-09-18,AUDUSD,SHORT,500000,0.7042
FX021,2026-09-25,AUDUSD,LONG,1000000,0.70091
